match_id,player_id,role,runs_scored,balls_faced,fours,sixes,balls_bowled,extras,runs_given,wickets,strike_rate,economy_rate
S2023-10-M28,149,Batsman,3,9,0,0,0,0,0,0,33.33,0.0
S2023-10-M28,150,Batsman,41,44,8,0,0,0,0,0,93.18,0.0
S2023-10-M28,122,Batsman,68,89,6,0,0,0,0,0,76.4,0.0
S2023-10-M28,123,Batsman,35,62,3,0,0,0,0,0,56.45,0.0
S2023-10-M28,143,Batsman,15,16,3,0,0,0,0,0,93.75,0.0
S2023-10-M28,88,Batsman,20,41,2,0,0,0,0,0,48.78,0.0
S2023-9-M30,32,Batsman,15,21,1,0,0,0,0,0,71.43,0.0
S2023-9-M30,45,Batsman,58,76,2,1,0,0,0,0,76.32,0.0
S2023-1-M33,112,All-rounder,35,25,1,1,4,0,4,1,140.0,6.0
S2023-9-M14,30,All-rounder,2,9,0,0,56,0,53,1,22.22,5.68
S2023-9-M14,37,All-rounder,31,21,4,2,58,2,35,1,147.62,3.62
S2023-8-M17,102,Batsman,8,17,0,0,0,0,0,0,47.06,0.0
S2023-8-M17,100,All-rounder,14,18,2,0,57,0,60,0,77.78,6.32
S2023-4-M35,81,All-rounder,26,17,0,2,30,0,35,0,152.94,7.0
S2023-4-M35,33,Batsman,126,83,8,11,0,0,0,0,151.81,0.0
S2023-6-M3,117,Batsman,47,64,4,1,0,0,0,0,73.44,0.0
S2023-6-M3,99,Batsman,5,13,0,0,0,0,0,0,38.46,0.0
S2023-1-M45,136,All-rounder,51,33,3,4,12,0,11,0,154.55,5.5
S2023-2-M4,79,Batsman,7,15,1,0,0,0,0,0,46.67,0.0
S2023-10-M19,123,Batsman,70,87,4,1,0,0,0,0,80.46,0.0
S2023-2-M23,108,Batsman,174,142,15,7,0,0,0,0,122.54,0.0
S2023-2-M23,5,Batsman,60,70,7,0,0,0,0,0,85.71,0.0
S2023-2-M23,71,All-rounder,1,1,0,0,53,5,34,2,100.0,3.85
S2023-4-M6,151,Batsman,70,80,7,2,0,0,0,0,87.5,0.0
S2023-4-M6,27,Batsman,48,48,5,2,0,0,0,0,100.0,0.0
S2023-9-M38,102,Batsman,90,103,12,0,0,0,0,0,87.38,0.0
S2023-1-M46,139,All-rounder,2,2,0,0,62,3,84,1,100.0,8.13
S2023-2-M20,5,Batsman,42,46,4,0,0,0,0,0,91.3,0.0
S2023-2-M20,71,All-rounder,75,44,3,6,31,3,34,2,170.45,6.58
S2023-6-M39,118,Batsman,30,45,1,0,0,0,0,0,66.67,0.0
S2023-5-M2,83,Batsman,5,13,1,0,0,0,0,0,38.46,0.0
S2023-5-M12,50,Batsman,36,38,6,0,0,0,0,0,94.74,0.0
S2023-5-M12,132,All-rounder,2,10,0,0,37,2,35,2,20.0,5.68
S2023-5-M26,93,All-rounder,7,11,0,1,63,7,46,2,63.64,4.38
S2023-6-M42,40,Batsman,76,97,6,1,0,0,0,0,78.35,0.0
S2023-6-M42,24,Batsman,24,33,1,1,0,0,0,0,72.73,0.0
S2023-1-M48,141,All-rounder,137,121,15,4,12,2,4,0,113.22,2.0
S2023-7-M40,54,Batsman,28,36,1,0,0,0,0,0,77.78,0.0
S2023-7-M40,52,Batsman,5,11,0,0,0,0,0,0,45.45,0.0
S2023-7-M40,82,All-rounder,4,15,0,0,50,1,42,3,26.67,5.04
S2023-7-M40,69,All-rounder,2,2,0,0,70,14,74,2,100.0,6.34
S2023-8-M43,100,All-rounder,7,11,0,0,61,1,84,0,63.64,8.26
S2023-7-M7,115,All-rounder,1,2,0,0,60,2,43,4,50.0,4.3
S2023-7-M7,143,Batsman,1,2,0,0,0,0,0,0,50.0,0.0
S2023-2-M47,108,Batsman,3,14,0,0,0,0,0,0,21.43,0.0
S2023-2-M47,5,All-rounder,10,20,2,0,49,1,22,1,50.0,2.69
S2023-2-M47,141,All-rounder,62,49,9,2,31,1,20,2,126.53,3.87
S2023-3-M5,37,All-rounder,15,27,1,0,48,0,33,0,55.56,4.13
S2023-9-M8,73,All-rounder,1,3,0,0,63,18,72,1,33.33,6.86
S2023-9-M8,130,Batsman,31,35,2,0,0,0,0,0,88.57,0.0
S2023-9-M8,48,All-rounder,22,11,4,0,25,1,21,0,200.0,5.04
S2023-8-M31,89,All-rounder,25,30,1,1,54,0,60,3,83.33,6.67
S2023-8-M31,98,All-rounder,3,7,0,0,43,2,46,0,42.86,6.42
S2023-10-M34,83,Batsman,42,43,9,0,0,0,0,0,97.67,0.0
S2023-10-M34,118,Batsman,52,54,8,0,0,0,0,0,96.3,0.0
S2023-1-M37,136,Batsman,23,29,4,1,0,0,0,0,79.31,0.0
S2023-4-M16,36,All-rounder,71,82,4,4,19,1,12,0,86.59,3.79
S2023-4-M16,118,Batsman,36,64,1,0,0,0,0,0,56.25,0.0
S2023-4-M16,119,All-rounder,8,13,0,1,62,2,41,1,61.54,3.97
S2023-3-M18,25,Batsman,163,131,14,9,0,0,0,0,124.43,0.0
S2023-3-M18,37,All-rounder,0,1,0,0,30,0,40,0,0.0,8.0
S2023-3-M18,58,All-rounder,0,1,0,0,61,5,36,1,0.0,3.54
S2023-3-M18,16,Batsman,18,15,3,0,0,0,0,0,120.0,0.0
S2023-4-M21,27,Batsman,130,133,9,5,0,0,0,0,97.74,0.0
S2023-4-M21,128,Batsman,33,29,6,0,0,0,0,0,113.79,0.0
S2023-1-M29,68,All-rounder,27,46,2,0,24,0,29,0,58.7,7.25
S2023-9-M30,29,All-rounder,14,26,1,0,24,0,21,0,53.85,5.25
S2023-9-M30,47,Batsman,39,58,4,1,0,0,0,0,67.24,0.0
S2023-9-M30,12,All-rounder,73,66,6,3,43,1,36,1,110.61,5.02
S2023-1-M33,136,Batsman,92,94,11,2,0,0,0,0,97.87,0.0
S2023-2-M32,53,All-rounder,0,8,0,0,33,0,69,1,0.0,12.55
S2023-9-M14,18,All-rounder,2,11,0,0,20,2,13,0,18.18,3.9
S2023-6-M3,45,Batsman,18,38,2,0,0,0,0,0,47.37,0.0
S2023-10-M19,14,All-rounder,6,21,0,0,20,2,27,0,28.57,8.1
S2023-10-M19,122,Batsman,16,16,1,0,0,0,0,0,100.0,0.0
S2023-10-M19,15,Batsman,11,17,2,0,0,0,0,0,64.71,0.0
S2023-10-M19,120,Batsman,91,109,7,0,0,0,0,0,83.49,0.0
S2023-4-M6,142,Batsman,53,46,6,1,0,0,0,0,115.22,0.0
S2023-4-M6,14,All-rounder,18,25,3,0,61,1,63,1,72.0,6.2
S2023-4-M6,8,Batsman,21,26,2,1,0,0,0,0,80.77,0.0
S2023-4-M6,113,All-rounder,1,6,0,0,54,0,56,2,16.67,6.22
S2023-9-M38,15,Batsman,19,31,1,1,0,0,0,0,61.29,0.0
S2023-9-M38,89,All-rounder,3,7,0,0,60,0,49,1,42.86,4.9
S2023-1-M46,31,Batsman,13,20,3,0,0,0,0,0,65.0,0.0
S2023-2-M20,56,Batsman,10,12,1,1,0,0,0,0,83.33,0.0
S2023-2-M20,28,All-rounder,12,12,1,1,58,6,57,0,100.0,5.9
S2023-6-M39,85,Batsman,24,11,2,2,0,0,0,0,218.18,0.0
S2023-6-M39,37,All-rounder,201,130,21,10,61,2,54,1,154.62,5.31
S2023-6-M39,75,All-rounder,3,7,0,0,59,5,65,1,42.86,6.61
S2023-5-M2,43,All-rounder,0,1,0,0,46,4,29,2,0.0,3.78
S2023-5-M26,16,Batsman,50,66,4,1,0,0,0,0,75.76,0.0
S2023-6-M42,101,All-rounder,2,4,0,0,40,1,51,0,50.0,7.65
S2023-6-M42,5,All-rounder,25,32,1,1,27,0,25,0,78.13,5.56
S2023-6-M42,6,All-rounder,39,40,1,3,42,1,36,1,97.5,5.14
S2023-1-M48,94,All-rounder,6,10,1,0,45,11,38,1,60.0,5.07
S2023-5-M22,118,Batsman,77,87,5,2,0,0,0,0,88.51,0.0
S2023-7-M40,1,All-rounder,1,3,0,0,62,2,65,2,33.33,6.29
S2023-8-M43,145,All-rounder,0,1,0,0,61,1,60,1,0.0,5.9
S2023-3-M27,106,All-rounder,37,15,2,4,63,4,63,2,246.67,6.0
S2023-3-M27,67,All-rounder,0,1,0,0,18,0,38,0,0.0,12.67
S2023-7-M7,26,Batsman,140,109,16,5,0,0,0,0,128.44,0.0
S2023-2-M47,137,Batsman,0,4,0,0,0,0,0,0,0.0,0.0
S2023-2-M47,24,Batsman,101,120,8,5,0,0,0,0,84.17,0.0
S2023-2-M47,35,All-rounder,19,39,2,0,56,3,45,2,48.72,4.82
S2023-10-M15,65,All-rounder,7,25,0,0,61,16,46,2,28.0,4.52
S2023-7-M25,22,All-rounder,0,4,0,0,38,2,28,0,0.0,4.42
S2023-7-M25,15,Batsman,11,12,2,0,0,0,0,0,91.67,0.0
S2023-2-M10,38,Batsman,29,27,3,0,0,0,0,0,107.41,0.0
S2023-2-M10,84,All-rounder,5,4,1,0,12,0,11,0,125.0,5.5
S2023-2-M10,75,All-rounder,27,55,3,0,55,2,52,2,49.09,5.67
S2023-2-M10,2,All-rounder,11,16,1,0,61,1,69,1,68.75,6.79
S2023-1-M37,112,All-rounder,29,16,3,1,54,0,33,5,181.25,3.67
S2023-1-M37,40,Batsman,13,32,1,0,0,0,0,0,40.63,0.0
S2023-4-M16,142,Batsman,68,76,3,2,0,0,0,0,89.47,0.0
S2023-3-M18,92,Batsman,46,42,5,0,0,0,0,0,109.52,0.0
S2023-3-M18,130,Batsman,30,34,5,0,0,0,0,0,88.24,0.0
S2023-3-M18,42,All-rounder,0,1,0,0,51,5,80,3,0.0,9.41
S2023-7-M44,42,All-rounder,35,23,3,3,63,12,53,3,152.17,5.05
S2023-10-M28,134,All-rounder,6,8,0,0,12,0,13,0,75.0,6.5
S2023-10-M28,89,All-rounder,35,40,5,1,24,0,17,0,87.5,4.25
S2023-10-M28,133,All-rounder,5,14,0,0,60,0,37,1,35.71,3.7
S2023-1-M29,114,Batsman,87,101,10,3,0,0,0,0,86.14,0.0
S2023-1-M29,64,All-rounder,9,15,1,0,48,0,24,2,60.0,3.0
S2023-1-M29,82,All-rounder,15,31,0,0,48,4,37,0,48.39,4.63
S2023-1-M33,120,Batsman,0,4,0,0,0,0,0,0,0.0,0.0
S2023-6-M9,114,Batsman,131,87,16,5,0,0,0,0,150.57,0.0
S2023-6-M9,128,Batsman,25,24,1,1,0,0,0,0,104.17,0.0
S2023-8-M11,111,All-rounder,9,13,2,0,42,0,37,0,69.23,5.29
S2023-2-M32,40,Batsman,133,120,9,5,0,0,0,0,110.83,0.0
S2023-9-M14,79,Batsman,78,86,12,0,0,0,0,0,90.7,0.0
S2023-10-M19,77,All-rounder,4,3,1,0,48,0,42,0,133.33,5.25
S2023-4-M6,31,Batsman,32,41,5,1,0,0,0,0,78.05,0.0
S2023-4-M6,83,Batsman,16,31,2,0,0,0,0,0,51.61,0.0
S2023-4-M6,105,All-rounder,4,3,1,0,55,4,58,2,133.33,6.33
S2023-3-M24,1,All-rounder,1,8,0,0,42,0,59,1,12.5,8.43
S2023-9-M38,23,All-rounder,0,1,0,0,64,5,65,3,0.0,6.09
S2023-9-M38,88,Batsman,22,24,3,1,0,0,0,0,91.67,0.0
S2023-6-M13,118,Batsman,3,8,0,0,0,0,0,0,37.5,0.0
S2023-6-M13,49,Batsman,58,67,3,2,0,0,0,0,86.57,0.0
S2023-6-M13,54,All-rounder,11,17,2,0,24,0,19,1,64.71,4.75
S2023-6-M13,22,All-rounder,9,26,1,0,26,7,34,0,34.62,7.85
S2023-6-M39,90,All-rounder,12,10,0,1,12,0,20,0,120.0,10.0
S2023-5-M2,50,Batsman,15,19,2,0,0,0,0,0,78.95,0.0
S2023-5-M12,114,Batsman,86,63,6,6,0,0,0,0,136.51,0.0
S2023-5-M26,130,Batsman,52,54,7,0,0,0,0,0,96.3,0.0
S2023-5-M26,108,Batsman,24,15,5,0,0,0,0,0,160.0,0.0
S2023-6-M42,90,All-rounder,2,3,0,0,60,0,35,2,66.67,3.5
S2023-1-M48,112,All-rounder,9,23,0,0,61,2,41,0,39.13,4.03
S2023-7-M40,13,Batsman,108,88,6,6,0,0,0,0,122.73,0.0
S2023-7-M40,14,All-rounder,10,13,2,0,60,0,74,3,76.92,7.4
S2023-8-M43,85,All-rounder,177,134,17,9,27,4,45,0,132.09,10.0
S2023-3-M27,57,Batsman,38,30,4,1,0,0,0,0,126.67,0.0
S2023-7-M7,54,Batsman,82,70,8,1,0,0,0,0,117.14,0.0
S2023-2-M47,25,Batsman,29,21,1,4,0,0,0,0,138.1,0.0
S2023-2-M47,75,All-rounder,16,38,2,0,64,8,30,3,42.11,2.81
S2023-9-M8,61,All-rounder,1,4,0,0,6,0,10,0,25.0,10.0
S2023-9-M8,74,All-rounder,0,4,0,0,61,5,54,1,0.0,5.31
S2023-9-M8,16,Batsman,10,16,1,0,0,0,0,0,62.5,0.0
S2023-10-M15,69,All-rounder,10,28,1,0,55,3,58,3,35.71,6.33
S2023-10-M15,108,Batsman,20,22,3,0,0,0,0,0,90.91,0.0
S2023-10-M15,40,Batsman,4,7,0,0,0,0,0,0,57.14,0.0
S2023-10-M34,123,Batsman,58,89,6,0,0,0,0,0,65.17,0.0
S2023-10-M34,117,Batsman,10,11,2,0,0,0,0,0,90.91,0.0
S2023-2-M10,137,Batsman,35,56,2,0,0,0,0,0,62.5,0.0
S2023-2-M10,60,All-rounder,0,2,0,0,62,2,28,2,0.0,2.71
S2023-2-M10,85,All-rounder,7,16,0,0,6,0,6,0,43.75,6.0
S2023-2-M10,127,Batsman,19,17,4,0,0,0,0,0,111.76,0.0
S2023-1-M37,62,Batsman,8,17,0,0,0,0,0,0,47.06,0.0
S2023-1-M37,108,Batsman,5,11,1,0,0,0,0,0,45.45,0.0
S2023-4-M16,47,Batsman,14,15,2,0,0,0,0,0,93.33,0.0
S2023-4-M16,90,All-rounder,7,9,1,0,48,2,41,0,77.78,5.13
S2023-4-M16,96,All-rounder,4,3,1,0,61,1,56,1,133.33,5.51
S2023-3-M18,72,Batsman,8,12,1,0,0,0,0,0,66.67,0.0
S2023-7-M44,54,Batsman,60,72,4,0,0,0,0,0,83.33,0.0
S2023-7-M44,11,All-rounder,51,45,6,1,18,0,25,0,113.33,8.33
S2023-9-M41,142,Batsman,2,2,0,0,0,0,0,0,100.0,0.0
S2023-10-M28,70,Batsman,3,13,0,0,0,0,0,0,23.08,0.0
S2023-1-M29,128,Batsman,4,16,0,0,0,0,0,0,25.0,0.0
S2023-9-M30,118,Batsman,62,76,7,0,0,0,0,0,81.58,0.0
S2023-1-M33,55,All-rounder,1,1,0,0,33,3,5,1,100.0,0.91
S2023-8-M11,97,Batsman,66,75,6,2,0,0,0,0,88.0,0.0
S2023-8-M17,143,Batsman,51,45,5,3,0,0,0,0,113.33,0.0
S2023-8-M17,135,All-rounder,7,3,0,1,48,0,54,0,233.33,6.75
S2023-6-M3,12,All-rounder,22,20,4,0,12,0,9,1,110.0,4.5
S2023-6-M3,119,All-rounder,9,17,1,0,54,0,48,0,52.94,5.33
S2023-6-M3,102,Batsman,59,85,3,1,0,0,0,0,69.41,0.0
S2023-1-M45,83,Batsman,30,42,3,1,0,0,0,0,71.43,0.0
S2023-1-M45,122,Batsman,17,30,1,0,0,0,0,0,56.67,0.0
S2023-1-M45,8,Batsman,54,40,1,6,0,0,0,0,135.0,0.0
S2023-2-M4,104,Batsman,0,3,0,0,0,0,0,0,0.0,0.0
S2023-2-M4,78,All-rounder,68,64,6,3,36,0,36,0,106.25,6.0
S2023-2-M4,30,All-rounder,0,1,0,0,62,2,79,1,0.0,7.65
S2023-2-M23,89,All-rounder,11,20,1,0,56,2,42,1,55.0,4.5
S2023-3-M24,123,Batsman,11,22,1,0,0,0,0,0,50.0,0.0
S2023-9-M38,61,Batsman,108,105,6,5,0,0,0,0,102.86,0.0
S2023-1-M46,114,Batsman,47,32,4,4,0,0,0,0,146.88,0.0
S2023-1-M46,111,All-rounder,13,22,3,0,44,3,58,0,59.09,7.91
S2023-6-M13,56,Batsman,2,4,0,0,0,0,0,0,50.0,0.0
S2023-6-M13,26,Batsman,32,42,4,0,0,0,0,0,76.19,0.0
S2023-5-M26,40,Batsman,21,39,0,0,0,0,0,0,53.85,0.0
S2023-5-M26,71,All-rounder,20,14,2,1,62,12,35,3,142.86,3.39
S2023-5-M26,60,All-rounder,7,23,1,0,54,0,56,0,30.43,6.22
S2023-6-M42,38,Batsman,10,13,1,0,0,0,0,0,76.92,0.0
S2023-1-M48,62,Batsman,66,108,1,0,0,0,0,0,61.11,0.0
S2023-5-M22,130,Batsman,25,36,3,0,0,0,0,0,69.44,0.0
S2023-3-M36,127,Batsman,44,52,3,0,0,0,0,0,84.62,0.0
S2023-7-M40,9,All-rounder,1,1,0,0,49,2,53,3,100.0,6.49
S2023-3-M27,127,Batsman,18,17,2,0,0,0,0,0,105.88,0.0
S2023-7-M7,39,Batsman,20,15,3,0,0,0,0,0,133.33,0.0
S2023-7-M7,133,All-rounder,1,9,0,0,61,1,51,1,11.11,5.02
S2023-2-M47,59,All-rounder,10,13,0,1,38,3,39,1,76.92,6.16
S2023-2-M47,72,Batsman,18,34,2,0,0,0,0,0,52.94,0.0
S2023-3-M5,72,Batsman,27,41,1,0,0,0,0,0,65.85,0.0
S2023-3-M5,7,Batsman,0,2,0,0,0,0,0,0,0.0,0.0
S2023-10-M15,8,Batsman,20,27,3,0,0,0,0,0,74.07,0.0
S2023-7-M25,13,Batsman,43,73,6,0,0,0,0,0,58.9,0.0
S2023-8-M31,143,Batsman,0,5,0,0,0,0,0,0,0.0,0.0
S2023-10-M34,21,All-rounder,29,35,4,0,19,1,11,0,82.86,3.47
S2023-1-M37,65,All-rounder,0,3,0,0,52,2,61,1,0.0,7.04
S2023-4-M16,111,All-rounder,32,42,2,1,30,0,34,1,76.19,6.8
S2023-4-M16,49,Batsman,19,21,3,0,0,0,0,0,90.48,0.0
S2023-7-M44,92,Batsman,36,51,2,0,0,0,0,0,70.59,0.0
S2023-10-M28,21,All-rounder,15,34,1,0,42,0,25,1,44.12,3.57
S2023-10-M28,98,All-rounder,20,36,2,1,61,1,35,2,55.56,3.44
S2023-9-M30,104,Batsman,46,60,5,0,0,0,0,0,76.67,0.0
S2023-1-M33,114,Batsman,4,2,1,0,0,0,0,0,200.0,0.0
S2023-1-M33,61,Batsman,1,24,0,0,0,0,0,0,4.17,0.0
S2023-6-M9,12,All-rounder,62,69,2,4,25,1,33,0,89.86,7.92
S2023-6-M9,101,All-rounder,9,8,1,0,30,4,31,0,112.5,6.2
S2023-8-M11,98,All-rounder,4,11,0,0,51,3,33,1,36.36,3.88
S2023-2-M32,142,Batsman,4,15,0,0,0,0,0,0,26.67,0.0
S2023-9-M14,120,Batsman,8,8,1,0,0,0,0,0,100.0,0.0
S2023-9-M14,127,Batsman,0,5,0,0,0,0,0,0,0.0,0.0
S2023-9-M14,84,All-rounder,20,11,2,1,12,2,11,0,181.82,5.5
S2023-4-M35,111,Batsman,108,102,15,1,0,0,0,0,105.88,0.0
S2023-6-M3,89,All-rounder,57,73,5,0,55,5,20,3,78.08,2.18
S2023-1-M45,150,Batsman,4,5,0,0,0,0,0,0,80.0,0.0
S2023-2-M4,71,All-rounder,12,7,0,1,63,4,89,2,171.43,8.48
S2023-10-M19,149,Batsman,4,13,1,0,0,0,0,0,30.77,0.0
S2023-2-M23,24,Batsman,34,16,1,4,0,0,0,0,212.5,0.0
S2023-2-M23,70,Batsman,22,46,3,1,0,0,0,0,47.83,0.0
S2023-4-M6,36,All-rounder,4,4,1,0,12,0,11,0,100.0,5.5
S2023-3-M24,122,Batsman,12,22,0,0,0,0,0,0,54.55,0.0
S2023-9-M38,104,Batsman,41,37,8,0,0,0,0,0,110.81,0.0
S2023-9-M38,74,All-rounder,21,32,3,0,57,7,41,2,65.63,4.32
S2023-1-M46,27,Batsman,134,121,9,7,0,0,0,0,110.74,0.0
S2023-1-M46,142,Batsman,0,2,0,0,0,0,0,0,0.0,0.0
S2023-6-M13,117,Batsman,80,59,8,4,0,0,0,0,135.59,0.0
S2023-6-M13,119,All-rounder,23,22,3,0,57,0,37,3,104.55,3.89
S2023-6-M13,34,All-rounder,2,4,0,0,44,2,48,1,50.0,6.55
S2023-2-M20,116,Batsman,85,75,9,3,0,0,0,0,113.33,0.0
S2023-2-M20,38,Batsman,109,70,12,4,0,0,0,0,155.71,0.0
S2023-6-M39,57,Batsman,0,1,0,0,0,0,0,0,0.0,0.0
S2023-6-M39,106,All-rounder,12,70,1,0,49,5,46,0,17.14,5.63
S2023-5-M2,8,Batsman,5,9,1,0,0,0,0,0,55.56,0.0
S2023-5-M26,10,Batsman,9,17,1,0,0,0,0,0,52.94,0.0
S2023-5-M26,132,All-rounder,2,4,0,0,63,3,42,3,50.0,4.0
S2023-1-M48,114,Batsman,47,32,4,3,0,0,0,0,146.88,0.0
S2023-1-M48,85,All-rounder,15,17,1,1,12,0,5,0,88.24,2.5
S2023-3-M36,25,Batsman,15,16,1,1,0,0,0,0,93.75,0.0
S2023-3-M36,13,Batsman,64,92,2,3,0,0,0,0,69.57,0.0
S2023-3-M36,52,Batsman,1,7,0,0,0,0,0,0,14.29,0.0
S2023-7-M40,150,Batsman,37,63,3,1,0,0,0,0,58.73,0.0
S2023-8-M43,97,Batsman,21,24,0,1,0,0,0,0,87.5,0.0
S2023-3-M27,25,Batsman,81,66,5,6,0,0,0,0,122.73,0.0
S2023-7-M7,146,Batsman,39,62,2,0,0,0,0,0,62.9,0.0
S2023-7-M7,87,All-rounder,14,32,1,0,48,0,71,4,43.75,8.88
S2023-9-M8,30,All-rounder,10,8,1,0,60,0,62,0,125.0,6.2
S2023-10-M15,113,All-rounder,29,19,3,1,54,0,34,2,152.63,3.78
S2023-10-M15,60,All-rounder,40,39,5,1,54,0,38,1,102.56,4.22
S2023-8-M31,97,Batsman,5,8,1,0,0,0,0,0,62.5,0.0
S2023-10-M34,12,All-rounder,31,28,3,0,18,1,11,0,110.71,3.67
S2023-7-M1,9,All-rounder,15,14,0,1,42,1,47,0,107.14,6.71
S2023-3-M18,84,All-rounder,21,25,1,1,33,4,37,2,84.0,6.73
S2023-4-M21,136,Batsman,26,31,5,0,0,0,0,0,83.87,0.0
S2023-10-M28,69,All-rounder,23,16,2,1,58,4,26,1,143.75,2.69
S2023-10-M28,87,All-rounder,17,40,1,0,43,6,38,2,42.5,5.3
S2023-1-M29,148,Batsman,0,9,0,0,0,0,0,0,0.0,0.0
S2023-1-M29,124,Batsman,49,48,4,1,0,0,0,0,102.08,0.0
S2023-1-M29,54,Batsman,0,1,0,0,0,0,0,0,0.0,0.0
S2023-9-M30,117,Batsman,0,4,0,0,0,0,0,0,0.0,0.0
S2023-1-M33,124,Batsman,12,9,2,0,0,0,0,0,133.33,0.0
S2023-1-M33,94,All-rounder,2,4,0,0,30,1,18,5,50.0,3.6
S2023-1-M33,74,All-rounder,12,23,2,0,61,5,66,0,52.17,6.49
S2023-8-M11,70,Batsman,0,1,0,0,0,0,0,0,0.0,0.0
S2023-8-M11,89,All-rounder,30,48,4,0,55,1,57,0,62.5,6.22
S2023-8-M11,143,Batsman,16,17,4,0,0,0,0,0,94.12,0.0
S2023-8-M11,102,Batsman,7,8,1,0,0,0,0,0,87.5,0.0
S2023-2-M32,111,All-rounder,9,17,1,0,12,0,17,0,52.94,8.5
S2023-2-M32,80,All-rounder,0,9,0,0,34,3,30,0,0.0,5.29
S2023-9-M14,15,Batsman,9,13,0,0,0,0,0,0,69.23,0.0
S2023-8-M17,70,Batsman,66,83,7,0,0,0,0,0,79.52,0.0
S2023-4-M35,16,Batsman,66,63,6,2,0,0,0,0,104.76,0.0
S2023-6-M3,47,Batsman,22,26,3,1,0,0,0,0,84.62,0.0
S2023-1-M45,148,All-rounder,51,57,5,1,18,0,13,1,89.47,4.33
S2023-1-M45,14,All-rounder,12,21,1,0,68,8,74,2,57.14,6.53
S2023-1-M45,1,All-rounder,5,11,0,0,43,1,51,0,45.45,7.12
S2023-2-M4,29,All-rounder,11,15,1,0,25,1,38,0,73.33,9.12
S2023-2-M4,73,All-rounder,5,16,1,0,65,14,82,1,31.25,7.57
S2023-2-M23,38,Batsman,90,52,2,8,0,0,0,0,173.08,0.0
S2023-3-M24,72,Batsman,62,50,7,2,0,0,0,0,124.0,0.0
S2023-3-M24,57,Batsman,14,12,1,1,0,0,0,0,116.67,0.0
S2023-3-M24,37,Batsman,106,44,9,8,0,0,0,0,240.91,0.0
S2023-9-M38,144,All-rounder,5,6,1,0,62,3,78,3,83.33,7.55
S2023-1-M46,62,Batsman,39,20,5,2,0,0,0,0,195.0,0.0
S2023-6-M13,12,All-rounder,19,25,1,1,12,0,13,0,76.0,6.5
S2023-6-M13,76,All-rounder,18,22,3,0,54,0,50,2,81.82,5.56
S2023-2-M20,26,Batsman,6,12,1,0,0,0,0,0,50.0,0.0
S2023-2-M20,76,All-rounder,43,18,2,5,43,2,75,0,238.89,10.47
S2023-6-M39,25,Batsman,18,30,3,0,0,0,0,0,60.0,0.0
S2023-5-M12,148,Batsman,16,19,3,0,0,0,0,0,84.21,0.0
S2023-5-M26,92,Batsman,31,28,4,1,0,0,0,0,110.71,0.0
S2023-6-M42,47,Batsman,15,31,3,0,0,0,0,0,48.39,0.0
S2023-6-M42,118,All-rounder,26,47,2,0,6,0,12,0,55.32,12.0
S2023-6-M42,103,All-rounder,26,32,4,0,57,5,46,0,81.25,4.84
S2023-1-M48,64,All-rounder,10,19,0,0,60,0,56,0,52.63,5.6
S2023-1-M48,72,Batsman,58,110,4,0,0,0,0,0,52.73,0.0
S2023-5-M22,16,Batsman,74,93,4,1,0,0,0,0,79.57,0.0
S2023-3-M36,72,Batsman,71,83,7,0,0,0,0,0,85.54,0.0
S2023-3-M36,75,All-rounder,10,14,0,0,64,8,62,2,71.43,5.81
S2023-3-M36,58,All-rounder,1,1,0,0,57,3,47,2,100.0,4.95
S2023-3-M27,81,All-rounder,17,12,1,1,61,2,79,2,141.67,7.77
S2023-7-M1,52,Batsman,43,42,2,2,0,0,0,0,102.38,0.0
S2023-1-M37,60,All-rounder,7,11,1,0,61,1,29,1,63.64,2.85
S2023-4-M21,139,All-rounder,0,1,0,0,61,1,59,1,0.0,5.8
S2023-4-M21,124,Batsman,2,4,0,0,0,0,0,0,50.0,0.0
S2023-4-M21,112,All-rounder,39,45,3,1,60,0,48,0,86.67,4.8
S2023-9-M41,79,Batsman,51,29,9,2,0,0,0,0,175.86,0.0
S2023-9-M41,15,Batsman,6,8,1,0,0,0,0,0,75.0,0.0
S2023-9-M41,29,All-rounder,19,24,2,1,12,0,22,0,79.17,11.0
S2023-1-M29,55,All-rounder,16,25,1,0,43,2,30,3,64.0,4.19
S2023-1-M29,9,All-rounder,13,22,2,0,60,0,35,2,59.09,3.5
S2023-9-M30,61,Batsman,22,29,2,0,0,0,0,0,75.86,0.0
S2023-9-M30,107,All-rounder,1,4,0,0,56,0,51,0,25.0,5.46
S2023-9-M30,19,All-rounder,5,7,0,0,62,3,46,1,71.43,4.45
S2023-6-M9,117,Batsman,21,29,3,1,0,0,0,0,72.41,0.0
S2023-6-M9,118,Batsman,16,23,3,0,0,0,0,0,69.57,0.0
S2023-6-M9,99,Batsman,2,8,0,0,0,0,0,0,25.0,0.0
S2023-8-M11,146,Batsman,13,25,0,0,0,0,0,0,52.0,0.0
S2023-2-M32,108,Batsman,114,120,10,3,0,0,0,0,95.0,0.0
S2023-8-M17,89,All-rounder,3,13,0,0,61,1,46,2,23.08,4.52
S2023-8-M17,88,All-rounder,46,37,3,3,6,0,6,0,124.32,6.0
S2023-8-M17,62,Batsman,34,35,3,1,0,0,0,0,97.14,0.0
S2023-4-M35,86,Batsman,39,28,7,0,0,0,0,0,139.29,0.0
S2023-4-M35,10,Batsman,4,10,1,0,0,0,0,0,40.0,0.0
S2023-6-M3,70,Batsman,13,18,2,0,0,0,0,0,72.22,0.0
S2023-1-M45,124,All-rounder,2,1,0,0,12,0,17,0,200.0,8.5
S2023-1-M45,69,All-rounder,16,16,2,0,61,2,106,0,100.0,10.43
S2023-1-M45,105,All-rounder,3,4,0,0,63,3,87,1,75.0,8.29
S2023-2-M4,5,Batsman,106,57,14,3,0,0,0,0,185.96,0.0
S2023-10-M19,21,All-rounder,29,32,5,0,50,0,39,1,90.63,4.68
S2023-2-M23,40,Batsman,1,7,0,0,0,0,0,0,14.29,0.0
S2023-2-M23,133,All-rounder,1,4,0,0,55,1,68,1,25.0,7.42
S2023-4-M6,81,All-rounder,36,17,3,2,60,0,59,5,211.76,5.9
S2023-3-M24,17,Batsman,8,11,1,0,0,0,0,0,72.73,0.0
S2023-3-M24,149,All-rounder,25,26,6,0,25,1,26,0,96.15,6.24
S2023-9-M38,29,All-rounder,34,37,4,1,18,0,20,0,91.89,6.67
S2023-6-M13,52,Batsman,9,18,1,0,0,0,0,0,50.0,0.0
S2023-6-M13,125,All-rounder,10,23,0,0,26,2,44,0,43.48,10.15
S2023-6-M13,9,All-rounder,20,13,2,0,61,1,41,3,153.85,4.03
S2023-2-M20,40,Batsman,60,63,8,0,0,0,0,0,95.24,0.0
S2023-2-M20,52,Batsman,15,8,2,1,0,0,0,0,187.5,0.0
S2023-6-M39,141,All-rounder,0,2,0,0,18,0,15,0,0.0,5.0
S2023-5-M2,42,All-rounder,16,14,2,1,56,2,41,3,114.29,4.39
S2023-5-M12,10,Batsman,20,24,3,0,0,0,0,0,83.33,0.0
S2023-5-M12,16,Batsman,50,58,7,0,0,0,0,0,86.21,0.0
S2023-5-M26,138,All-rounder,4,7,0,0,63,3,57,4,57.14,5.43
S2023-6-M42,45,Batsman,2,8,0,0,0,0,0,0,25.0,0.0
S2023-5-M22,48,All-rounder,40,31,2,4,30,0,27,0,129.03,5.4
S2023-3-M36,141,All-rounder,11,10,1,0,30,0,28,0,110.0,5.6
S2023-3-M36,106,All-rounder,10,13,1,0,60,0,49,2,76.92,4.9
S2023-3-M36,82,All-rounder,42,45,6,0,24,0,28,0,93.33,7.0
S2023-2-M47,138,All-rounder,1,5,0,0,65,6,37,2,20.0,3.42
S2023-3-M5,2,All-rounder,6,22,0,0,48,0,53,0,27.27,6.63
S2023-3-M5,62,Batsman,97,116,8,2,0,0,0,0,83.62,0.0
S2023-10-M15,123,Batsman,19,41,1,1,0,0,0,0,46.34,0.0
S2023-7-M25,104,Batsman,77,84,7,2,0,0,0,0,91.67,0.0
S2023-7-M25,79,Batsman,4,5,1,0,0,0,0,0,80.0,0.0
S2023-10-M34,129,All-rounder,3,15,0,0,19,1,24,1,20.0,7.58
S2023-7-M1,56,Batsman,33,36,4,1,0,0,0,0,91.67,0.0
S2023-7-M1,151,Batsman,0,1,0,0,0,0,0,0,0.0,0.0
S2023-2-M10,108,Batsman,109,107,8,5,0,0,0,0,101.87,0.0
S2023-1-M37,59,All-rounder,6,26,0,0,60,2,48,1,23.08,4.8
S2023-4-M16,27,Batsman,1,7,0,0,0,0,0,0,14.29,0.0
S2023-3-M18,127,Batsman,7,10,0,0,0,0,0,0,70.0,0.0
S2023-4-M21,81,All-rounder,1,2,0,0,60,0,37,1,50.0,3.7
S2023-4-M21,67,All-rounder,1,5,0,0,50,3,61,2,20.0,7.32
S2023-4-M21,62,Batsman,27,35,3,0,0,0,0,0,77.14,0.0
S2023-9-M41,74,All-rounder,38,92,3,0,42,0,43,1,41.3,6.14
S2023-10-M28,105,All-rounder,0,2,0,0,46,2,21,4,0.0,2.74
S2023-10-M28,145,All-rounder,11,36,1,0,55,1,42,2,30.56,4.58
S2023-1-M33,128,Batsman,82,58,3,6,0,0,0,0,141.38,0.0
S2023-1-M33,104,Batsman,0,1,0,0,0,0,0,0,0.0,0.0
S2023-1-M33,107,All-rounder,0,6,0,0,60,1,71,1,0.0,7.1
S2023-6-M9,119,All-rounder,16,14,1,1,49,2,56,2,114.29,6.86
S2023-8-M11,63,Batsman,78,109,8,1,0,0,0,0,71.56,0.0
S2023-2-M32,137,Batsman,24,28,4,1,0,0,0,0,85.71,0.0
S2023-9-M14,25,Batsman,11,6,0,1,0,0,0,0,183.33,0.0
S2023-9-M14,72,Batsman,40,61,2,0,0,0,0,0,65.57,0.0
S2023-1-M45,113,All-rounder,16,8,1,2,60,0,53,1,200.0,5.3
S2023-10-M19,8,Batsman,9,16,0,0,0,0,0,0,56.25,0.0
S2023-10-M19,104,Batsman,54,56,9,0,0,0,0,0,96.43,0.0
S2023-10-M19,29,All-rounder,30,37,1,2,27,3,10,0,81.08,2.22
S2023-3-M24,83,Batsman,6,9,1,0,0,0,0,0,66.67,0.0
S2023-3-M24,113,All-rounder,0,1,0,0,31,1,40,0,0.0,7.74
S2023-9-M38,133,All-rounder,82,67,12,2,60,0,57,2,122.39,5.7
S2023-1-M46,136,Batsman,80,66,8,3,0,0,0,0,121.21,0.0
S2023-1-M46,124,Batsman,1,2,0,0,0,0,0,0,50.0,0.0
S2023-1-M46,81,All-rounder,9,11,0,0,60,0,51,0,81.82,5.1
S2023-6-M39,45,Batsman,26,45,2,0,0,0,0,0,57.78,0.0
S2023-5-M2,131,All-rounder,32,36,2,1,49,1,44,1,88.89,5.39
S2023-5-M2,132,All-rounder,13,13,2,0,44,2,35,1,100.0,4.77
S2023-5-M2,113,All-rounder,4,7,0,0,37,1,35,0,57.14,5.68
S2023-5-M12,92,Batsman,49,69,7,0,0,0,0,0,71.01,0.0
S2023-5-M12,48,Batsman,4,4,1,0,0,0,0,0,100.0,0.0
S2023-5-M12,136,Batsman,16,11,4,0,0,0,0,0,145.45,0.0
S2023-6-M42,12,All-rounder,97,112,7,3,6,0,8,0,86.61,8.0
S2023-3-M36,68,All-rounder,2,5,0,0,36,0,42,1,40.0,7.0
S2023-3-M36,9,All-rounder,20,15,1,1,60,0,38,2,133.33,3.8
S2023-7-M40,26,Batsman,87,78,10,2,0,0,0,0,111.54,0.0
S2023-8-M43,127,Batsman,63,65,4,1,0,0,0,0,96.92,0.0
S2023-3-M27,80,All-rounder,9,8,1,0,42,4,63,1,112.5,9.0
S2023-7-M7,89,All-rounder,8,7,1,0,36,0,55,0,114.29,9.17
S2023-3-M5,106,All-rounder,15,24,1,1,40,3,31,0,62.5,4.65
S2023-3-M5,75,All-rounder,28,37,2,1,51,4,28,1,75.68,3.29
S2023-3-M5,41,All-rounder,11,8,0,1,18,0,28,1,137.5,9.33
S2023-9-M8,78,All-rounder,12,19,0,0,30,0,28,0,63.16,5.6
S2023-7-M25,28,All-rounder,14,18,1,1,31,1,29,2,77.78,5.61
S2023-8-M31,88,Batsman,56,73,6,1,0,0,0,0,76.71,0.0
S2023-8-M31,16,Batsman,9,16,1,0,0,0,0,0,56.25,0.0
S2023-7-M1,22,All-rounder,11,12,1,0,36,0,45,0,91.67,7.5
S2023-7-M1,111,All-rounder,123,98,11,5,60,0,76,1,125.51,7.6
S2023-2-M10,24,Batsman,17,13,1,1,0,0,0,0,130.77,0.0
S2023-2-M10,72,Batsman,46,74,3,0,0,0,0,0,62.16,0.0
S2023-2-M10,57,Batsman,5,4,1,0,0,0,0,0,125.0,0.0
S2023-1-M37,5,All-rounder,9,6,2,0,13,1,16,0,150.0,7.38
S2023-1-M37,71,All-rounder,14,31,1,0,66,12,82,1,45.16,7.45
S2023-3-M18,10,Batsman,64,66,7,2,0,0,0,0,96.97,0.0
S2023-7-M44,13,Batsman,84,76,11,2,0,0,0,0,110.53,0.0
S2023-7-M44,9,All-rounder,0,1,0,0,61,1,54,2,0.0,5.31
S2023-7-M44,10,Batsman,0,2,0,0,0,0,0,0,0.0,0.0
S2023-7-M44,33,Batsman,1,9,0,0,0,0,0,0,11.11,0.0
S2023-7-M44,93,All-rounder,16,15,2,1,61,3,73,2,106.67,7.18
S2023-4-M21,94,All-rounder,1,1,0,0,60,5,54,5,100.0,5.4
S2023-9-M41,104,Batsman,2,8,0,0,0,0,0,0,25.0,0.0
S2023-10-M28,102,Batsman,9,18,2,0,0,0,0,0,50.0,0.0
S2023-1-M29,22,All-rounder,10,20,1,0,55,1,32,2,50.0,3.49
S2023-9-M30,4,All-rounder,23,26,1,1,18,0,18,0,88.46,6.0
S2023-9-M14,85,Batsman,52,51,9,0,0,0,0,0,101.96,0.0
S2023-8-M17,98,All-rounder,1,7,0,0,30,0,29,0,14.29,5.8
S2023-8-M17,114,Batsman,48,40,7,2,0,0,0,0,120.0,0.0
S2023-4-M35,36,All-rounder,41,27,4,2,30,0,42,0,151.85,8.4
S2023-6-M3,34,All-rounder,0,3,0,0,32,3,17,1,0.0,3.19
S2023-1-M45,21,All-rounder,35,32,6,0,19,1,24,0,109.38,7.58
S2023-2-M4,38,Batsman,32,21,1,3,0,0,0,0,152.38,0.0
S2023-10-M19,83,Batsman,16,31,1,1,0,0,0,0,51.61,0.0
S2023-2-M23,143,Batsman,12,19,1,0,0,0,0,0,63.16,0.0
S2023-2-M23,97,Batsman,8,18,1,0,0,0,0,0,44.44,0.0
S2023-2-M23,100,All-rounder,19,19,3,0,30,0,27,0,100.0,5.4
S2023-2-M23,98,All-rounder,11,22,2,0,56,4,74,0,50.0,7.93
S2023-3-M24,85,All-rounder,9,16,2,0,27,3,16,2,56.25,3.56
S2023-3-M24,21,All-rounder,10,12,2,0,24,0,19,0,83.33,4.75
S2023-9-M38,19,All-rounder,0,2,0,0,24,0,47,0,0.0,11.75
S2023-1-M46,140,All-rounder,9,10,1,0,61,1,99,3,90.0,9.74
S2023-6-M13,45,Batsman,14,36,0,0,0,0,0,0,38.89,0.0
S2023-6-M13,68,All-rounder,10,14,1,0,60,0,33,1,71.43,3.3
S2023-2-M20,13,Batsman,5,8,1,0,0,0,0,0,62.5,0.0
S2023-2-M20,9,All-rounder,10,14,1,0,60,1,61,2,71.43,6.1
S2023-5-M2,149,All-rounder,52,69,4,1,12,0,16,0,75.36,8.0
S2023-5-M12,131,All-rounder,2,5,0,0,24,0,31,0,40.0,7.75
S2023-5-M12,91,All-rounder,4,14,0,0,51,0,47,0,28.57,5.53
S2023-1-M48,136,Batsman,4,7,0,0,0,0,0,0,57.14,0.0
S2023-1-M48,95,All-rounder,9,9,1,0,42,0,45,1,100.0,6.43
S2023-5-M22,10,Batsman,58,77,5,2,0,0,0,0,75.32,0.0
S2023-5-M22,132,All-rounder,3,3,0,0,62,2,56,1,100.0,5.42
S2023-7-M40,56,Batsman,15,17,2,0,0,0,0,0,88.24,0.0
S2023-7-M40,21,All-rounder,0,2,0,0,42,0,31,0,0.0,4.43
S2023-8-M43,102,Batsman,45,58,6,0,0,0,0,0,77.59,0.0
S2023-7-M7,125,All-rounder,11,15,1,0,46,4,45,1,73.33,5.87
S2023-7-M7,9,All-rounder,11,7,1,0,60,0,42,1,157.14,4.2
S2023-7-M7,97,Batsman,51,65,4,0,0,0,0,0,78.46,0.0
S2023-2-M47,37,All-rounder,1,5,0,0,60,0,35,0,20.0,3.5
S2023-3-M5,17,All-rounder,8,20,0,0,12,0,11,0,40.0,5.5
S2023-9-M8,15,Batsman,122,81,14,6,0,0,0,0,150.62,0.0
S2023-10-M15,14,All-rounder,2,8,0,0,52,4,32,2,25.0,3.69
S2023-8-M31,146,Batsman,7,4,0,1,0,0,0,0,175.0,0.0
S2023-8-M31,145,All-rounder,6,13,0,0,36,0,36,0,46.15,6.0
S2023-8-M31,135,All-rounder,1,4,0,0,25,2,24,0,25.0,5.76
S2023-8-M31,48,All-rounder,17,15,2,0,60,0,44,1,113.33,4.4
S2023-10-M34,14,Batsman,3,6,0,0,0,0,0,0,50.0,0.0
S2023-10-M34,69,All-rounder,2,14,0,0,44,4,28,1,14.29,3.82
S2023-10-M34,47,Batsman,20,38,2,0,0,0,0,0,52.63,0.0
S2023-2-M10,25,Batsman,13,27,2,0,0,0,0,0,48.15,0.0
S2023-1-M37,24,Batsman,11,11,2,0,0,0,0,0,100.0,0.0
S2023-1-M37,138,All-rounder,4,4,1,0,68,8,64,1,100.0,5.65
S2023-7-M44,28,All-rounder,15,5,2,1,62,2,54,3,300.0,5.23
S2023-4-M21,80,All-rounder,0,1,0,0,54,0,55,1,0.0,6.11
S2023-9-M41,31,Batsman,45,42,9,0,0,0,0,0,107.14,0.0
S2023-9-M41,111,All-rounder,42,34,3,3,46,1,21,2,123.53,2.74
S2023-9-M41,27,Batsman,43,31,5,2,0,0,0,0,138.71,0.0
S2023-9-M41,86,Batsman,7,7,1,0,0,0,0,0,100.0,0.0
S2023-10-M28,1,All-rounder,9,7,0,1,60,0,26,1,128.57,2.6
S2023-9-M30,74,All-rounder,29,32,3,1,63,4,51,0,90.63,4.86
S2023-1-M33,62,Batsman,21,20,2,0,0,0,0,0,105.0,0.0
S2023-1-M33,23,All-rounder,5,6,1,0,66,6,74,5,83.33,6.73
S2023-6-M9,96,All-rounder,10,12,2,0,51,7,57,0,83.33,6.71
S2023-8-M11,88,Batsman,41,50,2,2,0,0,0,0,82.0,0.0
S2023-8-M11,31,Batsman,45,65,3,0,0,0,0,0,69.23,0.0
S2023-2-M32,38,Batsman,15,7,1,1,0,0,0,0,214.29,0.0
S2023-2-M32,81,All-rounder,7,18,1,0,62,2,56,0,38.89,5.42
S2023-9-M14,29,All-rounder,7,13,1,0,18,0,13,0,53.85,4.33
S2023-4-M35,27,All-rounder,29,18,4,1,3,0,1,0,161.11,2.0
S2023-4-M35,142,Batsman,2,2,0,0,0,0,0,0,100.0,0.0
S2023-6-M3,96,All-rounder,1,4,0,0,42,2,30,0,25.0,4.29
S2023-1-M45,114,All-rounder,61,56,8,2,5,0,7,1,108.93,8.4
S2023-2-M4,23,All-rounder,4,2,1,0,64,4,82,2,200.0,7.69
S2023-10-M19,105,All-rounder,4,5,0,0,50,11,33,1,80.0,3.96
S2023-2-M23,116,Batsman,12,19,1,0,0,0,0,0,63.16,0.0
S2023-2-M23,44,All-rounder,15,25,2,0,37,1,66,2,60.0,10.7
S2023-4-M6,111,All-rounder,51,51,3,1,61,1,45,1,100.0,4.43
S2023-4-M6,110,All-rounder,8,15,0,0,43,3,38,0,53.33,5.3
S2023-3-M24,25,Batsman,104,95,11,3,0,0,0,0,109.47,0.0
S2023-3-M24,14,All-rounder,4,8,1,0,62,2,113,2,50.0,10.94
S2023-9-M38,120,Batsman,41,42,4,0,0,0,0,0,97.62,0.0
S2023-9-M38,107,All-rounder,4,9,0,0,50,6,52,0,44.44,6.24
S2023-1-M46,67,All-rounder,6,3,0,1,49,1,64,0,200.0,7.84
S2023-6-M13,115,All-rounder,15,7,3,0,57,5,48,1,214.29,5.05
S2023-6-M39,84,All-rounder,6,8,1,0,6,0,2,0,75.0,2.0
S2023-5-M2,130,Batsman,68,54,9,1,0,0,0,0,125.93,0.0
S2023-5-M2,91,All-rounder,39,43,4,0,42,0,31,1,90.7,4.43
S2023-5-M12,43,All-rounder,12,20,2,0,36,0,34,1,60.0,5.67
S2023-5-M26,24,Batsman,29,34,2,2,0,0,0,0,85.29,0.0
S2023-6-M42,117,Batsman,25,22,3,1,0,0,0,0,113.64,0.0
S2023-6-M42,137,Batsman,23,29,3,0,0,0,0,0,79.31,0.0
S2023-7-M40,28,All-rounder,6,2,0,1,42,0,19,2,300.0,2.71
S2023-7-M40,123,Batsman,33,51,3,1,0,0,0,0,64.71,0.0
S2023-3-M27,72,Batsman,18,26,2,0,0,0,0,0,69.23,0.0
S2023-7-M7,22,All-rounder,14,11,2,0,48,0,49,2,127.27,6.13
S2023-7-M7,70,Batsman,76,66,7,2,0,0,0,0,115.15,0.0
S2023-7-M7,145,All-rounder,15,25,0,1,38,4,36,1,60.0,5.68
S2023-2-M47,85,Batsman,0,6,0,0,0,0,0,0,0.0,0.0
S2023-2-M47,106,All-rounder,14,30,2,0,60,2,49,3,46.67,4.9
S2023-3-M5,127,Batsman,46,71,5,0,0,0,0,0,64.79,0.0
S2023-3-M5,148,Batsman,85,119,6,0,0,0,0,0,71.43,0.0
S2023-9-M8,104,Batsman,51,62,7,1,0,0,0,0,82.26,0.0
S2023-9-M8,50,Batsman,12,12,1,0,0,0,0,0,100.0,0.0
S2023-10-M15,149,Batsman,2,16,0,0,0,0,0,0,12.5,0.0
S2023-10-M15,21,All-rounder,12,27,1,0,18,0,16,1,44.44,5.33
S2023-10-M15,5,Batsman,1,3,0,0,0,0,0,0,33.33,0.0
S2023-10-M15,38,Batsman,28,28,4,0,0,0,0,0,100.0,0.0
S2023-10-M15,71,All-rounder,9,25,0,0,54,8,21,2,36.0,2.33
S2023-7-M25,56,Batsman,30,32,3,0,0,0,0,0,93.75,0.0
S2023-7-M25,68,All-rounder,1,6,0,0,18,0,17,0,16.67,5.67
S2023-8-M31,10,Batsman,68,69,9,2,0,0,0,0,98.55,0.0
S2023-7-M1,26,Batsman,14,25,2,0,0,0,0,0,56.0,0.0
S2023-7-M1,39,Batsman,25,16,4,1,0,0,0,0,156.25,0.0
S2023-7-M1,125,All-rounder,14,19,0,0,38,2,45,1,73.68,7.11
S2023-7-M1,76,All-rounder,13,14,0,0,31,1,54,0,92.86,10.45
S2023-2-M10,40,Batsman,26,31,2,0,0,0,0,0,83.87,0.0
S2023-2-M10,106,All-rounder,22,22,4,0,54,0,71,1,100.0,7.89
S2023-2-M10,58,All-rounder,2,2,0,0,57,7,57,1,100.0,6.0
S2023-1-M37,114,Batsman,40,25,6,2,0,0,0,0,160.0,0.0
S2023-3-M18,48,All-rounder,26,20,0,3,50,4,35,0,130.0,4.2
S2023-7-M44,56,Batsman,59,63,7,1,0,0,0,0,93.65,0.0
S2023-7-M44,130,Batsman,29,38,4,0,0,0,0,0,76.32,0.0
S2023-4-M21,142,Batsman,5,7,1,0,0,0,0,0,71.43,0.0
S2023-1-M29,62,Batsman,39,58,3,0,0,0,0,0,67.24,0.0
S2023-1-M29,56,Batsman,14,23,2,0,0,0,0,0,60.87,0.0
S2023-6-M9,90,All-rounder,19,28,1,0,24,0,32,0,67.86,8.0
S2023-8-M11,145,All-rounder,17,19,0,2,51,4,53,0,89.47,6.24
S2023-8-M11,135,All-rounder,2,3,0,0,50,3,40,0,66.67,4.8
S2023-8-M11,36,All-rounder,16,12,1,1,13,1,12,1,133.33,5.54
S2023-2-M32,5,Batsman,6,1,0,1,0,0,0,0,600.0,0.0
S2023-2-M32,27,Batsman,24,31,4,0,0,0,0,0,77.42,0.0
S2023-2-M32,140,All-rounder,7,11,1,0,61,1,76,2,63.64,7.48
S2023-2-M32,139,All-rounder,9,14,1,0,62,3,47,1,64.29,4.55
S2023-9-M14,20,All-rounder,4,8,1,0,24,0,47,0,50.0,11.75
S2023-9-M14,57,Batsman,58,60,5,1,0,0,0,0,96.67,0.0
S2023-8-M17,148,All-rounder,103,98,6,4,3,0,2,0,105.1,4.0
S2023-4-M35,31,Batsman,35,40,6,0,0,0,0,0,87.5,0.0
S2023-1-M45,128,Batsman,128,101,10,5,0,0,0,0,126.73,0.0
S2023-2-M4,40,Batsman,108,111,13,2,0,0,0,0,97.3,0.0
S2023-10-M19,1,All-rounder,9,7,1,0,62,6,42,3,128.57,4.06
S2023-10-M19,61,Batsman,44,67,2,1,0,0,0,0,65.67,0.0
S2023-4-M6,149,All-rounder,12,20,1,0,6,0,9,0,60.0,9.0
S2023-3-M24,75,All-rounder,0,1,0,0,26,2,20,1,0.0,4.62
S2023-1-M46,86,Batsman,2,5,0,0,0,0,0,0,40.0,0.0
S2023-2-M20,108,Batsman,4,2,1,0,0,0,0,0,200.0,0.0
S2023-6-M39,119,All-rounder,35,18,2,3,63,7,41,2,194.44,3.9
S2023-5-M2,33,Batsman,12,15,3,0,0,0,0,0,80.0,0.0
S2023-5-M2,21,All-rounder,17,23,3,0,48,0,39,2,73.91,4.88
S2023-5-M2,69,All-rounder,28,30,3,1,37,1,29,1,93.33,4.7
S2023-5-M12,42,All-rounder,2,6,0,0,36,0,43,0,33.33,7.17
S2023-5-M26,5,All-rounder,91,96,7,3,24,0,20,0,94.79,5.0
S2023-1-M48,55,All-rounder,1,3,0,0,54,5,43,2,33.33,4.78
S2023-1-M48,25,Batsman,7,4,1,0,0,0,0,0,175.0,0.0
S2023-5-M22,47,Batsman,87,115,10,0,0,0,0,0,75.65,0.0
S2023-7-M40,122,Batsman,38,42,3,1,0,0,0,0,90.48,0.0
S2023-7-M40,8,Batsman,41,34,2,3,0,0,0,0,120.59,0.0
S2023-7-M40,113,All-rounder,0,4,0,0,18,0,22,0,0.0,7.33
S2023-8-M43,87,All-rounder,2,3,0,0,55,1,37,0,66.67,4.04
S2023-8-M43,141,All-rounder,10,11,2,0,36,0,33,0,90.91,5.5
S2023-3-M27,27,Batsman,54,54,6,1,0,0,0,0,100.0,0.0
S2023-3-M27,142,Batsman,21,23,2,0,0,0,0,0,91.3,0.0
S2023-2-M47,60,All-rounder,4,8,0,0,60,0,24,1,50.0,2.4
S2023-3-M5,25,Batsman,41,52,6,0,0,0,0,0,78.85,0.0
S2023-10-M34,122,Batsman,0,1,0,0,0,0,0,0,0.0,0.0
S2023-7-M1,82,All-rounder,11,18,1,0,56,0,60,0,61.11,6.43
S2023-3-M18,75,All-rounder,2,3,0,0,54,6,59,1,66.67,6.56
S2023-7-M44,16,Batsman,38,47,6,0,0,0,0,0,80.85,0.0
S2023-9-M41,23,All-rounder,19,48,2,0,39,1,57,0,39.58,8.77
S2023-1-M29,136,Batsman,9,13,1,0,0,0,0,0,69.23,0.0
S2023-1-M29,112,All-rounder,8,13,0,0,42,0,16,1,61.54,2.29
S2023-1-M29,76,All-rounder,0,1,0,0,56,2,44,1,0.0,4.71
S2023-9-M30,120,Batsman,36,40,3,0,0,0,0,0,90.0,0.0
S2023-6-M9,47,Batsman,22,28,4,0,0,0,0,0,78.57,0.0
S2023-6-M9,45,Batsman,80,90,8,1,0,0,0,0,88.89,0.0
S2023-8-M17,128,Batsman,19,25,2,0,0,0,0,0,76.0,0.0
S2023-6-M3,143,Batsman,5,15,1,0,0,0,0,0,33.33,0.0
S2023-6-M3,97,Batsman,2,3,0,0,0,0,0,0,66.67,0.0
S2023-2-M4,137,Batsman,8,5,2,0,0,0,0,0,160.0,0.0
S2023-2-M4,61,Batsman,79,68,8,4,0,0,0,0,116.18,0.0
S2023-2-M4,19,All-rounder,33,34,4,1,62,2,88,1,97.06,8.52
S2023-10-M19,69,All-rounder,59,80,1,1,60,0,57,0,73.75,5.7
S2023-4-M6,123,Batsman,29,34,3,0,0,0,0,0,85.29,0.0
S2023-3-M24,127,Batsman,71,69,9,1,0,0,0,0,102.9,0.0
S2023-3-M24,8,Batsman,14,20,2,0,0,0,0,0,70.0,0.0
S2023-3-M24,105,All-rounder,0,1,0,0,63,3,61,0,0.0,5.81
S2023-9-M38,79,Batsman,4,5,1,0,0,0,0,0,80.0,0.0
S2023-6-M13,96,All-rounder,28,16,3,1,61,5,46,3,175.0,4.52
S2023-6-M39,47,Batsman,129,149,8,3,0,0,0,0,86.58,0.0
S2023-5-M2,48,All-rounder,9,12,1,0,18,0,16,1,75.0,5.33
S2023-5-M2,14,All-rounder,67,69,6,2,57,3,59,4,97.1,6.21
S2023-5-M26,50,Batsman,12,19,2,0,0,0,0,0,63.16,0.0
S2023-6-M42,49,Batsman,12,15,1,1,0,0,0,0,80.0,0.0
S2023-6-M42,108,Batsman,41,47,2,3,0,0,0,0,87.23,0.0
S2023-5-M22,50,Batsman,17,22,2,0,0,0,0,0,77.27,0.0
S2023-3-M36,2,All-rounder,29,19,4,0,62,3,19,3,152.63,1.84
S2023-3-M36,54,Batsman,13,17,2,0,0,0,0,0,76.47,0.0
S2023-7-M40,39,Batsman,11,16,2,0,0,0,0,0,68.75,0.0
S2023-8-M43,88,Batsman,32,30,1,3,0,0,0,0,106.67,0.0
S2023-3-M27,37,All-rounder,41,25,5,2,60,0,62,1,164.0,6.2
S2023-7-M7,52,Batsman,20,10,1,1,0,0,0,0,200.0,0.0
S2023-7-M7,68,All-rounder,0,1,0,0,18,0,13,1,0.0,4.33
S2023-2-M47,71,All-rounder,0,1,0,0,30,4,31,0,0.0,6.2
S2023-7-M25,76,All-rounder,5,6,1,0,24,0,23,0,83.33,5.75
S2023-10-M34,45,Batsman,56,67,6,0,0,0,0,0,83.58,0.0
S2023-7-M1,31,Batsman,152,122,19,3,0,0,0,0,124.59,0.0
S2023-2-M10,71,All-rounder,26,24,3,1,46,9,46,2,108.33,6.0
S2023-1-M37,124,Batsman,22,14,5,0,0,0,0,0,157.14,0.0
S2023-4-M16,45,Batsman,8,30,1,0,0,0,0,0,26.67,0.0
S2023-3-M18,57,Batsman,13,9,3,0,0,0,0,0,144.44,0.0
S2023-3-M18,147,All-rounder,0,3,0,0,56,2,80,1,0.0,8.57
S2023-3-M18,43,All-rounder,8,8,2,0,51,7,53,0,100.0,6.24
S2023-7-M44,26,Batsman,31,40,5,0,0,0,0,0,77.5,0.0
S2023-7-M44,39,Batsman,30,17,2,2,0,0,0,0,176.47,0.0
S2023-7-M44,82,All-rounder,8,6,0,1,60,0,60,2,133.33,6.0
S2023-7-M44,3,All-rounder,0,1,0,0,50,3,43,2,0.0,5.16
S2023-7-M44,48,All-rounder,3,5,0,0,42,0,38,1,60.0,5.43
S2023-7-M44,132,All-rounder,25,24,3,1,60,0,72,2,104.17,7.2
S2023-9-M30,23,All-rounder,0,5,0,0,57,3,45,2,0.0,4.74
S2023-1-M33,15,Batsman,1,12,0,0,0,0,0,0,8.33,0.0
S2023-1-M33,32,Batsman,0,1,0,0,0,0,0,0,0.0,0.0
S2023-6-M9,51,Batsman,47,48,5,2,0,0,0,0,97.92,0.0
S2023-8-M17,97,Batsman,38,46,1,1,0,0,0,0,82.61,0.0
S2023-8-M17,136,Batsman,53,55,5,2,0,0,0,0,96.36,0.0
S2023-6-M3,90,All-rounder,6,12,0,0,37,1,17,0,50.0,2.76
S2023-6-M3,101,All-rounder,0,6,0,0,36,2,29,1,0.0,4.83
S2023-2-M4,108,Batsman,100,89,12,3,0,0,0,0,112.36,0.0
S2023-2-M4,120,Batsman,23,19,3,1,0,0,0,0,121.05,0.0
S2023-3-M24,2,All-rounder,1,1,0,0,18,0,8,4,100.0,2.67
S2023-9-M38,143,Batsman,9,5,2,0,0,0,0,0,180.0,0.0
S2023-9-M38,70,Batsman,23,24,2,2,0,0,0,0,95.83,0.0
S2023-1-M46,148,Batsman,117,113,9,2,0,0,0,0,103.54,0.0
S2023-1-M46,36,All-rounder,41,36,4,2,30,0,33,0,113.89,6.6
S2023-2-M20,24,Batsman,5,6,1,0,0,0,0,0,83.33,0.0
S2023-2-M20,35,All-rounder,3,3,0,0,25,3,34,3,100.0,8.16
S2023-5-M2,129,All-rounder,10,18,1,0,12,0,15,0,55.56,7.5
S2023-5-M12,128,Batsman,53,62,3,2,0,0,0,0,85.48,0.0
S2023-5-M26,131,Batsman,43,37,3,2,0,0,0,0,116.22,0.0
S2023-5-M26,65,All-rounder,4,15,0,0,49,3,42,1,26.67,5.14
S2023-1-M48,127,Batsman,4,9,1,0,0,0,0,0,44.44,0.0
S2023-1-M48,37,All-rounder,2,1,0,0,36,0,35,1,200.0,5.83
S2023-3-M36,56,Batsman,0,1,0,0,0,0,0,0,0.0,0.0
S2023-3-M36,28,All-rounder,15,15,3,0,61,2,47,1,100.0,4.62
S2023-8-M43,146,Batsman,74,79,5,2,0,0,0,0,93.67,0.0
S2023-3-M27,85,All-rounder,36,51,2,0,13,1,17,0,70.59,7.85
S2023-3-M27,2,All-rounder,0,3,0,0,60,0,74,3,0.0,7.4
S2023-2-M47,40,Batsman,6,33,0,0,0,0,0,0,18.18,0.0
S2023-10-M15,83,Batsman,18,27,4,0,0,0,0,0,66.67,0.0
S2023-10-M15,122,Batsman,78,73,10,1,0,0,0,0,106.85,0.0
S2023-10-M15,1,All-rounder,23,10,0,3,30,0,19,0,230.0,3.8
S2023-10-M15,24,Batsman,43,54,4,1,0,0,0,0,79.63,0.0
S2023-7-M25,120,Batsman,65,56,7,1,0,0,0,0,116.07,0.0
S2023-8-M31,133,All-rounder,43,65,4,0,33,0,30,0,66.15,5.45
S2023-10-M34,150,Batsman,1,5,0,0,0,0,0,0,20.0,0.0
S2023-2-M10,59,All-rounder,0,1,0,0,50,3,31,3,0.0,3.72
S2023-1-M37,128,Batsman,77,91,7,2,0,0,0,0,84.62,0.0
S2023-1-M37,137,Batsman,11,19,1,0,0,0,0,0,57.89,0.0
S2023-1-M37,38,Batsman,1,11,0,0,0,0,0,0,9.09,0.0
S2023-4-M16,31,Batsman,20,18,3,0,0,0,0,0,111.11,0.0
S2023-4-M16,117,Batsman,11,23,0,1,0,0,0,0,47.83,0.0
S2023-3-M18,91,All-rounder,14,16,0,1,42,0,43,0,87.5,6.14
S2023-3-M18,132,All-rounder,10,8,2,0,63,7,51,5,125.0,4.86
S2023-9-M41,36,All-rounder,17,11,3,0,6,0,3,0,154.55,3.0
S2023-10-M28,14,All-rounder,17,32,2,0,42,0,25,2,53.13,3.57
S2023-1-M29,26,Batsman,16,20,2,1,0,0,0,0,80.0,0.0
S2023-1-M29,52,Batsman,10,24,1,0,0,0,0,0,41.67,0.0
S2023-9-M30,15,Batsman,39,52,3,0,0,0,0,0,75.0,0.0
S2023-1-M33,4,All-rounder,12,27,1,0,18,1,11,0,44.44,3.67
S2023-6-M9,148,Batsman,55,57,6,0,0,0,0,0,96.49,0.0
S2023-8-M11,27,All-rounder,89,68,6,4,6,0,11,0,130.88,11.0
S2023-8-M17,146,Batsman,16,36,0,0,0,0,0,0,44.44,0.0
S2023-6-M3,118,Batsman,18,25,1,0,0,0,0,0,72.0,0.0
S2023-1-M45,123,Batsman,45,82,4,0,0,0,0,0,54.88,0.0
S2023-2-M4,24,Batsman,39,24,3,2,0,0,0,0,162.5,0.0
S2023-10-M19,113,All-rounder,7,11,0,0,55,5,41,0,63.64,4.47
S2023-2-M23,102,Batsman,0,1,0,0,0,0,0,0,0.0,0.0
S2023-4-M6,21,All-rounder,69,74,5,0,24,0,28,0,93.24,7.0
S2023-4-M6,122,Batsman,30,27,2,1,0,0,0,0,111.11,0.0
S2023-4-M6,1,All-rounder,11,20,0,1,61,5,57,2,55.0,5.61
S2023-3-M24,69,All-rounder,0,4,0,0,65,5,69,4,0.0,6.37
S2023-6-M13,101,All-rounder,5,6,1,0,37,5,43,1,83.33,6.97
S2023-2-M20,39,Batsman,17,25,2,1,0,0,0,0,68.0,0.0
S2023-6-M39,117,Batsman,21,25,2,0,0,0,0,0,84.0,0.0
S2023-6-M39,72,Batsman,14,28,2,0,0,0,0,0,50.0,0.0
S2023-5-M2,16,Batsman,5,20,0,0,0,0,0,0,25.0,0.0
S2023-5-M2,1,All-rounder,1,2,0,0,62,2,46,1,50.0,4.45
S2023-5-M26,48,All-rounder,21,31,1,1,19,5,18,0,67.74,5.68
S2023-5-M26,42,All-rounder,0,1,0,0,62,4,60,2,0.0,5.81
S2023-5-M26,137,Batsman,28,28,4,1,0,0,0,0,100.0,0.0
S2023-5-M26,38,Batsman,12,10,0,1,0,0,0,0,120.0,0.0
S2023-5-M22,131,All-rounder,40,39,1,1,48,0,49,0,102.56,6.13
S2023-3-M36,57,Batsman,3,6,0,0,0,0,0,0,50.0,0.0
S2023-7-M40,22,All-rounder,51,50,5,1,44,2,17,1,102.0,2.32
S2023-7-M40,105,All-rounder,4,3,1,0,65,5,52,1,133.33,4.8
S2023-8-M43,143,Batsman,36,35,6,0,0,0,0,0,102.86,0.0
S2023-8-M43,89,All-rounder,29,21,4,0,36,0,47,0,138.1,7.83
S2023-3-M27,75,All-rounder,1,3,0,0,63,19,72,0,33.33,6.86
S2023-7-M7,56,Batsman,52,59,8,0,0,0,0,0,88.14,0.0
S2023-7-M7,102,Batsman,0,1,0,0,0,0,0,0,0.0,0.0
S2023-3-M5,85,Batsman,0,6,0,0,0,0,0,0,0.0,0.0
S2023-3-M5,58,All-rounder,1,1,0,0,55,1,37,3,100.0,4.04
S2023-3-M5,114,Batsman,0,7,0,0,0,0,0,0,0.0,0.0
S2023-9-M8,29,All-rounder,25,34,3,0,24,0,36,0,73.53,9.0
S2023-7-M25,26,Batsman,28,25,6,0,0,0,0,0,112.0,0.0
S2023-7-M25,52,Batsman,8,6,1,0,0,0,0,0,133.33,0.0
S2023-8-M31,102,All-rounder,4,3,1,0,6,0,5,0,133.33,5.0
S2023-8-M31,33,Batsman,81,75,3,7,0,0,0,0,108.0,0.0
S2023-7-M1,68,All-rounder,20,22,3,0,18,4,24,0,90.91,8.0
S2023-1-M37,148,Batsman,101,128,10,0,0,0,0,0,78.91,0.0
S2023-4-M16,151,Batsman,54,64,4,3,0,0,0,0,84.38,0.0
S2023-4-M16,81,All-rounder,7,5,1,0,47,1,38,3,140.0,4.85
S2023-4-M16,12,All-rounder,27,32,2,0,43,1,55,2,84.38,7.67
S2023-7-M44,131,All-rounder,4,7,1,0,60,4,57,0,57.14,5.7
S2023-4-M21,151,Batsman,17,27,3,0,0,0,0,0,62.96,0.0
S2023-4-M21,86,Batsman,6,8,0,0,0,0,0,0,75.0,0.0
S2023-9-M41,107,All-rounder,1,20,0,0,24,0,20,1,5.0,5.0
S2023-9-M41,63,Batsman,14,15,2,0,0,0,0,0,93.33,0.0
S2023-10-M28,97,Batsman,1,6,0,0,0,0,0,0,16.67,0.0
S2023-1-M33,19,All-rounder,14,17,2,0,55,6,64,0,82.35,6.98
S2023-8-M11,133,All-rounder,40,51,3,2,60,0,54,1,78.43,5.4
S2023-2-M32,24,Batsman,53,32,2,4,0,0,0,0,165.63,0.0
S2023-2-M32,31,Batsman,2,6,0,0,0,0,0,0,33.33,0.0
S2023-2-M32,151,Batsman,33,37,5,0,0,0,0,0,89.19,0.0
S2023-9-M14,74,All-rounder,0,6,0,0,42,0,49,0,0.0,7.0
S2023-9-M14,23,All-rounder,0,7,0,0,55,1,37,3,0.0,4.04
S2023-4-M35,63,Batsman,95,80,10,2,0,0,0,0,118.75,0.0
S2023-2-M4,15,Batsman,76,43,4,8,0,0,0,0,176.74,0.0
S2023-2-M23,88,All-rounder,111,116,11,4,19,1,19,0,95.69,6.0
S2023-4-M6,80,All-rounder,10,4,0,1,51,0,40,3,250.0,4.71
S2023-1-M46,63,Batsman,69,73,9,1,0,0,0,0,94.52,0.0
S2023-6-M13,90,All-rounder,9,15,1,0,37,1,15,2,60.0,2.43
S2023-2-M20,3,All-rounder,35,22,7,0,55,1,59,2,159.09,6.44
S2023-6-M39,12,All-rounder,22,18,1,2,43,1,51,2,122.22,7.12
S2023-5-M2,92,Batsman,68,75,8,0,0,0,0,0,90.67,0.0
S2023-5-M2,122,Batsman,0,2,0,0,0,0,0,0,0.0,0.0
S2023-5-M2,105,All-rounder,7,13,1,0,37,2,38,1,53.85,6.16
S2023-5-M12,62,Batsman,19,29,2,0,0,0,0,0,65.52,0.0
S2023-5-M26,35,All-rounder,10,13,0,0,43,1,41,2,76.92,5.72
S2023-1-M48,148,Batsman,54,63,4,0,0,0,0,0,85.71,0.0
S2023-5-M22,92,Batsman,8,10,0,1,0,0,0,0,80.0,0.0
S2023-5-M22,45,Batsman,48,48,4,0,0,0,0,0,100.0,0.0
S2023-3-M36,17,Batsman,47,55,5,0,0,0,0,0,85.45,0.0
S2023-3-M36,84,All-rounder,35,32,3,2,24,0,34,1,109.38,8.5
S2023-3-M36,22,All-rounder,32,34,4,1,57,4,54,4,94.12,5.68
S2023-3-M27,141,Batsman,109,68,10,7,0,0,0,0,160.29,0.0
S2023-3-M27,31,Batsman,28,19,6,0,0,0,0,0,147.37,0.0
S2023-3-M27,53,All-rounder,58,42,3,3,12,0,32,1,138.1,16.0
S2023-7-M7,135,All-rounder,12,15,2,0,61,2,74,3,80.0,7.28
S2023-2-M47,57,Batsman,28,50,3,0,0,0,0,0,56.0,0.0
S2023-3-M5,51,Batsman,0,1,0,0,0,0,0,0,0.0,0.0
S2023-9-M8,92,Batsman,131,122,8,3,0,0,0,0,107.38,0.0
S2023-10-M15,59,All-rounder,9,6,0,1,57,3,53,2,150.0,5.58
S2023-7-M25,54,Batsman,3,10,0,0,0,0,0,0,30.0,0.0
S2023-7-M25,82,All-rounder,15,16,1,0,18,0,21,0,93.75,7.0
S2023-7-M25,9,All-rounder,2,8,0,0,28,0,39,0,25.0,8.36
S2023-8-M31,70,Batsman,45,64,6,0,0,0,0,0,70.31,0.0
S2023-8-M31,92,Batsman,26,22,4,0,0,0,0,0,118.18,0.0
S2023-10-M34,1,All-rounder,10,23,0,0,54,3,46,0,43.48,5.11
S2023-10-M34,105,All-rounder,4,25,0,0,32,3,33,0,16.0,6.19
S2023-7-M1,54,Batsman,77,86,4,1,0,0,0,0,89.53,0.0
S2023-2-M10,37,All-rounder,3,17,0,0,62,3,32,2,17.65,3.1
S2023-4-M16,101,All-rounder,0,1,0,0,48,2,48,2,0.0,6.0
S2023-3-M18,50,Batsman,70,71,10,0,0,0,0,0,98.59,0.0
S2023-7-M44,22,All-rounder,4,4,1,0,33,0,27,1,100.0,4.91
S2023-4-M21,148,Batsman,95,107,8,2,0,0,0,0,88.79,0.0
S2023-9-M41,61,Batsman,8,8,1,0,0,0,0,0,100.0,0.0
S2023-9-M41,4,All-rounder,16,27,2,0,25,1,28,2,59.26,6.72
S2023-10-M28,83,Batsman,0,3,0,0,0,0,0,0,0.0,0.0
S2023-1-M29,94,All-rounder,1,5,0,0,44,2,20,4,20.0,2.73
S2023-1-M29,13,Batsman,0,10,0,0,0,0,0,0,0.0,0.0
S2023-1-M29,28,All-rounder,16,17,0,2,60,0,45,3,94.12,4.5
S2023-1-M33,148,Batsman,88,96,11,0,0,0,0,0,91.67,0.0
S2023-1-M33,77,All-rounder,0,1,0,0,49,1,51,0,0.0,6.24
S2023-2-M32,36,All-rounder,60,50,4,4,44,3,50,0,120.0,6.82
S2023-9-M14,104,Batsman,61,69,8,0,0,0,0,0,88.41,0.0
S2023-9-M14,61,Batsman,25,40,0,1,0,0,0,0,62.5,0.0
S2023-6-M3,133,All-rounder,14,19,2,0,48,0,30,3,73.68,3.75
S2023-1-M45,62,Batsman,102,66,11,4,0,0,0,0,154.55,0.0
S2023-10-M19,79,Batsman,5,8,1,0,0,0,0,0,62.5,0.0
S2023-2-M23,135,All-rounder,6,4,1,0,54,1,76,1,150.0,8.44
S2023-4-M6,86,Batsman,5,13,0,0,0,0,0,0,38.46,0.0
S2023-3-M24,106,All-rounder,12,13,2,0,24,0,14,1,92.31,3.5
S2023-9-M38,97,Batsman,10,14,1,0,0,0,0,0,71.43,0.0
S2023-9-M38,146,Batsman,15,7,0,2,0,0,0,0,214.29,0.0
S2023-1-M46,128,Batsman,105,73,4,8,0,0,0,0,143.84,0.0
S2023-6-M13,47,Batsman,28,50,3,0,0,0,0,0,56.0,0.0
S2023-6-M13,39,Batsman,66,62,7,1,0,0,0,0,106.45,0.0
S2023-2-M20,60,All-rounder,1,1,0,0,12,0,27,1,100.0,13.5
S2023-2-M20,54,All-rounder,2,7,0,0,37,0,48,0,28.57,7.78
S2023-5-M12,130,Batsman,6,10,0,0,0,0,0,0,60.0,0.0
S2023-5-M26,91,All-rounder,24,27,1,2,38,0,40,0,88.89,6.32
S2023-6-M42,119,All-rounder,14,31,0,0,61,2,36,2,45.16,3.54
S2023-6-M42,96,All-rounder,8,5,0,1,61,1,50,1,160.0,4.92
S2023-1-M48,128,Batsman,4,3,1,0,0,0,0,0,133.33,0.0
S2023-1-M48,124,Batsman,18,30,1,0,0,0,0,0,60.0,0.0
S2023-5-M22,117,Batsman,65,53,9,1,0,0,0,0,122.64,0.0
S2023-3-M36,26,Batsman,50,66,4,1,0,0,0,0,75.76,0.0
S2023-7-M40,3,All-rounder,2,3,0,0,43,3,40,0,66.67,5.58
S2023-7-M40,83,Batsman,5,11,1,0,0,0,0,0,45.45,0.0
S2023-8-M43,70,Batsman,36,48,5,0,0,0,0,0,75.0,0.0
S2023-8-M43,25,Batsman,53,62,6,0,0,0,0,0,85.48,0.0
S2023-3-M27,151,Batsman,32,39,4,1,0,0,0,0,82.05,0.0
S2023-3-M27,111,All-rounder,116,92,9,5,48,0,56,0,126.09,7.0
S2023-3-M27,36,All-rounder,12,16,1,0,60,0,37,3,75.0,3.7
S2023-3-M27,139,All-rounder,10,8,0,1,63,3,74,3,125.0,7.05
S2023-7-M7,76,All-rounder,6,5,1,0,61,1,28,1,120.0,2.75
S2023-7-M7,98,All-rounder,3,9,0,0,60,0,70,0,33.33,7.0
S2023-2-M47,38,Batsman,47,48,4,2,0,0,0,0,97.92,0.0
S2023-2-M47,127,Batsman,30,65,2,0,0,0,0,0,46.15,0.0
S2023-3-M5,128,Batsman,0,3,0,0,0,0,0,0,0.0,0.0
S2023-9-M8,79,Batsman,0,5,0,0,0,0,0,0,0.0,0.0
S2023-9-M8,120,Batsman,108,90,11,2,0,0,0,0,120.0,0.0
S2023-9-M8,10,Batsman,113,107,10,3,0,0,0,0,105.61,0.0
S2023-10-M15,137,Batsman,16,31,2,1,0,0,0,0,51.61,0.0
S2023-10-M15,35,All-rounder,22,23,2,1,50,5,55,1,95.65,6.6
S2023-10-M34,113,All-rounder,11,35,0,0,30,0,27,1,31.43,5.4
S2023-2-M10,5,Batsman,56,46,7,1,0,0,0,0,121.74,0.0
S2023-4-M16,86,Batsman,25,12,2,1,0,0,0,0,208.33,0.0
S2023-4-M16,34,All-rounder,0,2,0,0,44,2,37,0,0.0,5.05
S2023-3-M18,85,Batsman,121,111,10,9,0,0,0,0,109.01,0.0
S2023-3-M18,106,All-rounder,6,8,0,0,45,1,62,2,75.0,8.27
S2023-3-M18,2,All-rounder,1,2,0,0,61,3,52,4,50.0,5.11
S2023-7-M44,52,Batsman,27,19,3,1,0,0,0,0,142.11,0.0
S2023-4-M21,31,Batsman,0,9,0,0,0,0,0,0,0.0,0.0
S2023-4-M21,111,All-rounder,75,88,6,1,55,1,45,0,85.23,4.91
S2023-4-M21,36,All-rounder,23,26,0,1,12,0,12,0,88.46,6.0
S2023-4-M21,114,Batsman,46,40,4,4,0,0,0,0,115.0,0.0
S2023-9-M41,120,Batsman,1,2,0,0,0,0,0,0,50.0,0.0
S2023-9-M41,18,Batsman,6,17,1,0,0,0,0,0,35.29,0.0
S2023-8-M17,126,Bowler,0,0,0,0,54,0,59,1,0.0,6.56
S2023-10-M34,96,Bowler,0,0,0,0,63,6,35,1,0.0,3.33
S2023-8-M31,147,Bowler,0,0,0,0,61,1,65,1,0.0,6.39
S2023-1-M33,64,Bowler,0,0,0,0,12,0,3,0,0.0,1.5
S2023-4-M16,139,Bowler,0,0,0,0,44,2,16,2,0.0,2.18
S2023-4-M35,11,Bowler,0,0,0,0,13,1,20,0,0.0,9.23
S2023-5-M22,103,Bowler,0,0,0,0,65,7,42,3,0.0,3.88
S2023-10-M28,135,Bowler,0,0,0,0,63,4,48,2,0.0,4.57
S2023-9-M30,34,Bowler,0,0,0,0,60,1,34,4,0.0,3.4
S2023-8-M43,2,Bowler,0,0,0,0,60,1,32,2,0.0,3.2
S2023-9-M14,58,Bowler,0,0,0,0,43,2,35,0,0.0,4.88
S2023-8-M11,139,Bowler,0,0,0,0,62,3,43,2,0.0,4.16
S2023-7-M25,4,Bowler,0,0,0,0,30,1,14,2,0.0,2.8
S2023-2-M32,35,Bowler,0,0,0,0,40,5,36,2,0.0,5.4
S2023-3-M36,76,Bowler,0,0,0,0,63,4,67,2,0.0,6.38
S2023-10-M34,119,Bowler,0,0,0,0,63,3,28,0,0.0,2.67
S2023-1-M48,106,Bowler,0,0,0,0,62,3,32,2,0.0,3.1
S2023-7-M25,29,Bowler,0,0,0,0,6,0,10,0,0.0,10.0
S2023-8-M43,106,Bowler,0,0,0,0,52,8,48,0,0.0,5.54
S2023-2-M10,65,Bowler,0,0,0,0,49,3,17,1,0.0,2.08
S2023-6-M39,58,Bowler,0,0,0,0,55,1,38,2,0.0,4.15
S2023-4-M21,55,Bowler,0,0,0,0,60,0,45,1,0.0,4.5
S2023-9-M30,90,Bowler,0,0,0,0,36,0,33,0,0.0,5.5
S2023-5-M22,12,Bowler,0,0,0,0,33,3,47,1,0.0,8.55
S2023-1-M48,2,Bowler,0,0,0,0,61,2,42,1,0.0,4.13
S2023-9-M38,145,Bowler,0,0,0,0,61,1,38,0,0.0,3.74
S2023-4-M16,67,Bowler,0,0,0,0,43,1,18,3,0.0,2.51
S2023-9-M8,131,Bowler,0,0,0,0,48,0,55,1,0.0,6.88
S2023-9-M14,2,Bowler,0,0,0,0,50,2,45,4,0.0,5.4
S2023-8-M43,58,Bowler,0,0,0,0,42,0,21,0,0.0,3.0
S2023-6-M39,96,Bowler,0,0,0,0,53,0,72,0,0.0,8.15
S2023-3-M5,109,Bowler,0,0,0,0,60,0,34,1,0.0,3.4
S2023-6-M42,60,Bowler,0,0,0,0,62,2,23,2,0.0,2.23
S2023-2-M4,60,Bowler,0,0,0,0,62,6,56,2,0.0,5.42
S2023-7-M1,80,Bowler,0,0,0,0,60,0,48,3,0.0,4.8
S2023-3-M5,95,Bowler,0,0,0,0,41,2,24,1,0.0,3.51
S2023-6-M9,34,Bowler,0,0,0,0,37,1,49,0,0.0,7.95
S2023-6-M3,145,Bowler,0,0,0,0,37,1,31,1,0.0,5.03
S2023-5-M12,64,Bowler,0,0,0,0,60,0,35,2,0.0,3.5
S2023-4-M35,43,Bowler,0,0,0,0,63,4,79,1,0.0,7.52
S2023-4-M21,64,Bowler,0,0,0,0,63,6,70,2,0.0,6.67
S2023-1-M48,75,Bowler,0,0,0,0,63,4,51,3,0.0,4.86
S2023-7-M25,20,Bowler,0,0,0,0,42,0,35,3,0.0,5.0
S2023-4-M35,132,Bowler,0,0,0,0,65,5,85,0,0.0,7.85
S2023-7-M1,53,Bowler,0,0,0,0,44,4,52,0,0.0,7.09
S2023-9-M14,75,Bowler,0,0,0,0,64,4,39,2,0.0,3.66
S2023-2-M23,59,Bowler,0,0,0,0,61,1,41,2,0.0,4.03
S2023-4-M35,42,Bowler,0,0,0,0,62,4,83,1,0.0,8.03
S2023-7-M25,19,Bowler,0,0,0,0,43,1,35,2,0.0,4.88
S2023-2-M23,60,Bowler,0,0,0,0,61,1,31,1,0.0,3.05
S2023-7-M1,81,Bowler,0,0,0,0,61,1,36,2,0.0,3.54
S2023-9-M30,119,Bowler,0,0,0,0,62,6,44,1,0.0,4.26
S2023-1-M48,58,Bowler,0,0,0,0,61,1,59,2,0.0,5.8
S2023-8-M17,55,Bowler,0,0,0,0,61,1,40,2,0.0,3.93
S2023-7-M25,23,Bowler,0,0,0,0,30,0,37,0,0.0,7.4
S2023-6-M42,65,Bowler,0,0,0,0,57,6,63,2,0.0,6.63
S2023-5-M26,147,Bowler,0,0,0,0,49,2,44,2,0.0,5.39
S2023-2-M32,59,Bowler,0,0,0,0,36,0,16,1,0.0,2.67
S2023-1-M45,64,Bowler,0,0,0,0,60,0,41,2,0.0,4.1
S2023-10-M19,23,Bowler,0,0,0,0,62,5,45,4,0.0,4.35
S2023-1-M37,55,Bowler,0,0,0,0,31,1,13,0,0.0,2.52
S2023-10-M19,18,Bowler,0,0,0,0,60,15,48,0,0.0,4.8
S2023-6-M9,41,Bowler,0,0,0,0,44,5,40,2,0.0,5.45
S2023-9-M8,23,Bowler,0,0,0,0,59,3,57,2,0.0,5.8
S2023-5-M12,95,Bowler,0,0,0,0,48,2,50,2,0.0,6.25
S2023-9-M38,135,Bowler,0,0,0,0,58,3,50,2,0.0,5.17
S2023-9-M41,140,Bowler,0,0,0,0,48,0,52,1,0.0,6.5
S2023-9-M30,96,Bowler,0,0,0,0,60,0,38,2,0.0,3.8
S2023-10-M19,19,Bowler,0,0,0,0,60,7,43,4,0.0,4.3
S2023-6-M9,64,Bowler,0,0,0,0,60,0,40,1,0.0,4.0
S2023-2-M4,59,Bowler,0,0,0,0,50,4,47,2,0.0,5.64
S2023-1-M46,112,Bowler,0,0,0,0,61,1,62,0,0.0,6.1
S2023-6-M9,126,Bowler,0,0,0,0,38,2,29,1,0.0,4.58
S2023-5-M12,41,Bowler,0,0,0,0,36,0,34,2,0.0,5.67
S2023-10-M34,34,Bowler,0,0,0,0,32,2,34,0,0.0,6.38
S2023-10-M19,74,Bowler,0,0,0,0,62,3,41,1,0.0,3.97
S2023-2-M4,35,Bowler,0,0,0,0,55,1,67,3,0.0,7.31
S2023-8-M43,84,Bowler,0,0,0,0,32,3,43,1,0.0,8.06
S2023-1-M45,94,Bowler,0,0,0,0,37,1,40,0,0.0,6.49
S2023-5-M12,112,Bowler,0,0,0,0,59,0,38,2,0.0,3.86
S2023-6-M3,88,Bowler,0,0,0,0,6,0,7,0,0.0,7.0
S2023-8-M43,98,Bowler,0,0,0,0,59,1,75,1,0.0,7.63
S2023-8-M11,67,Bowler,0,0,0,0,64,4,45,3,0.0,4.22
S2023-2-M32,60,Bowler,0,0,0,0,54,0,46,4,0.0,5.11
S2023-2-M20,65,Bowler,0,0,0,0,33,5,23,2,0.0,4.18
S2023-9-M30,101,Bowler,0,0,0,0,41,3,45,0,0.0,6.59
S2023-2-M23,35,Bowler,0,0,0,0,62,2,60,3,0.0,5.81
S2023-2-M32,65,Bowler,0,0,0,0,36,1,28,0,0.0,4.67
S2023-2-M47,58,Bowler,0,0,0,0,48,0,12,2,0.0,1.5
S2023-2-M20,115,Bowler,0,0,0,0,57,5,84,3,0.0,8.84
S2023-7-M1,139,Bowler,0,0,0,0,61,1,47,1,0.0,4.62
S2023-7-M1,36,Bowler,0,0,0,0,18,0,17,2,0.0,5.67
S2023-8-M17,95,Bowler,0,0,0,0,63,4,57,2,0.0,5.43
S2023-9-M8,43,Bowler,0,0,0,0,64,5,67,4,0.0,6.28
S2023-8-M17,112,Bowler,0,0,0,0,60,0,38,2,0.0,3.8
S2023-6-M39,101,Bowler,0,0,0,0,55,2,46,2,0.0,5.02
S2023-9-M8,42,Bowler,0,0,0,0,61,1,63,2,0.0,6.2
S2023-6-M3,135,Bowler,0,0,0,0,40,2,32,2,0.0,4.8
S2023-1-M45,112,Bowler,0,0,0,0,55,5,48,2,0.0,5.24
S2023-8-M31,132,Bowler,0,0,0,0,56,3,21,3,0.0,2.25
S2023-8-M11,81,Bowler,0,0,0,0,60,0,31,1,0.0,3.1
S2023-3-M5,64,Bowler,0,0,0,0,60,0,42,2,0.0,4.2
S2023-8-M17,44,Bowler,0,0,0,0,51,3,62,1,0.0,7.29
S2023-5-M22,90,Bowler,0,0,0,0,60,0,31,1,0.0,3.1
S2023-4-M16,80,Bowler,0,0,0,0,30,0,16,1,0.0,3.2
S2023-10-M34,90,Bowler,0,0,0,0,58,1,27,3,0.0,2.79
S2023-1-M46,55,Bowler,0,0,0,0,66,10,54,1,0.0,4.91
S2023-4-M35,139,Bowler,0,0,0,0,38,2,48,0,0.0,7.58
S2023-5-M22,42,Bowler,0,0,0,0,51,3,50,0,0.0,5.88
S2023-4-M35,140,Bowler,0,0,0,0,30,1,27,1,0.0,5.4
S2023-5-M22,96,Bowler,0,0,0,0,48,0,55,0,0.0,6.88
S2023-8-M31,93,Bowler,0,0,0,0,49,2,31,3,0.0,3.8
S2023-9-M8,91,Bowler,0,0,0,0,54,2,62,1,0.0,6.89
S2023-1-M37,94,Bowler,0,0,0,0,25,1,17,2,0.0,4.08
S2023-1-M46,64,Bowler,0,0,0,0,60,4,56,1,0.0,5.6
S2023-1-M46,95,Bowler,0,0,0,0,57,8,75,1,0.0,7.89
S2023-4-M35,48,Bowler,0,0,0,0,48,0,55,1,0.0,6.88
S2023-3-M24,58,Bowler,0,0,0,0,38,2,25,1,0.0,3.95
S2023-8-M11,80,Bowler,0,0,0,0,61,1,57,2,0.0,5.61
S2023-9-M41,67,Bowler,0,0,0,0,60,0,35,2,0.0,3.5
S2023-2-M47,2,Bowler,0,0,0,0,42,0,55,0,0.0,7.86
S2023-9-M41,139,Bowler,0,0,0,0,63,3,34,3,0.0,3.24
S2023-9-M38,4,Bowler,0,0,0,0,44,5,34,2,0.0,4.64
S2023-8-M31,42,Bowler,0,0,0,0,50,3,34,2,0.0,4.08
S2023-4-M21,95,Bowler,0,0,0,0,64,4,41,1,0.0,3.84
S2023-2-M10,138,Bowler,0,0,0,0,47,0,38,2,0.0,4.85
S2023-1-M45,55,Bowler,0,0,0,0,55,1,32,2,0.0,3.49
S2023-5-M12,126,Bowler,0,0,0,0,12,0,12,0,0.0,6.0
S2023-6-M9,55,Bowler,0,0,0,0,63,4,36,4,0.0,3.43
S2023-7-M25,74,Bowler,0,0,0,0,53,5,18,1,0.0,2.04
S2023-10-M15,105,Bowler,0,0,0,0,54,1,40,2,0.0,4.44
S2023-2-M20,59,Bowler,0,0,0,0,37,4,37,1,0.0,6.0
S2023-6-M42,35,Bowler,0,0,0,0,62,6,42,4,0.0,4.06
S2023-4-M35,46,Bowler,0,0,0,0,25,1,43,0,0.0,10.32
S2023-5-M22,119,Bowler,0,0,0,0,60,0,41,0,0.0,4.1
S2023-8-M17,64,Bowler,0,0,0,0,61,1,46,1,0.0,4.52
S2023-4-M6,139,Bowler,0,0,0,0,49,2,32,0,0.0,3.92
S2023-3-M5,55,Bowler,0,0,0,0,64,5,31,2,0.0,2.91
S2023-8-M43,121,Bowler,0,0,0,0,61,8,60,2,0.0,5.9
S2023-1-M29,95,Bowler,0,0,0,0,38,4,31,0,0.0,4.89
S2023-3-M5,112,Bowler,0,0,0,0,60,5,28,3,0.0,2.8
S2023-6-M39,103,Bowler,0,0,0,0,61,5,48,0,0.0,4.72
S2023-9-M8,132,Bowler,0,0,0,0,58,5,62,1,0.0,6.41
S2023-5-M22,147,Bowler,0,0,0,0,51,3,52,0,0.0,6.12
S2023-2-M23,66,Bowler,0,0,0,0,57,8,50,2,0.0,5.26
S2023-6-M9,95,Bowler,0,0,0,0,55,3,75,0,0.0,8.18
S2023-10-M34,103,Bowler,0,0,0,0,57,3,28,2,0.0,2.95
S2023-1-M45,95,Bowler,0,0,0,0,37,6,28,2,0.0,4.54
S2023-1-M37,64,Bowler,0,0,0,0,31,0,7,2,0.0,1.35
S2023-1-M46,94,Bowler,0,0,0,0,61,6,51,7,0.0,5.02
S2023-5-M12,55,Bowler,0,0,0,0,43,2,18,2,0.0,2.51
S2023-6-M9,112,Bowler,0,0,0,0,49,1,37,0,0.0,4.53
S2023-1-M33,95,Bowler,0,0,0,0,43,6,15,3,0.0,2.09
S2023-8-M17,41,Bowler,0,0,0,0,3,0,8,0,0.0,16.0
S2023-5-M22,43,Bowler,0,0,0,0,61,1,43,1,0.0,4.23
S2023-9-M14,106,Bowler,0,0,0,0,43,1,31,2,0.0,4.33
S2023-6-M39,2,Bowler,0,0,0,0,62,3,55,1,0.0,5.32
S2023-2-M4,65,Bowler,0,0,0,0,50,5,47,1,0.0,5.64
S2023-3-M27,58,Bowler,0,0,0,0,55,2,69,2,0.0,7.53
S2023-4-M6,67,Bowler,0,0,0,0,48,1,32,0,0.0,4.0
S2023-5-M22,101,Bowler,0,0,0,0,45,7,49,2,0.0,6.53
S2023-9-M41,81,Bowler,0,0,0,0,60,0,22,2,0.0,2.2
S2023-1-M37,95,Bowler,0,0,0,0,24,0,11,1,0.0,2.75
S2023-4-M35,93,Bowler,0,0,0,0,63,12,53,3,0.0,5.05
S2023-6-M42,59,Bowler,0,0,0,0,60,0,40,0,0.0,4.0
S2023-2-M32,71,Bowler,0,0,0,0,50,6,29,3,0.0,3.48
S2023-6-M3,98,Bowler,0,0,0,0,42,0,28,1,0.0,4.0
